name,category
有機りんご,食べ物
バナナパック,食べ物
食パン（北海道）,食べ物
寿司セット,食べ物
おにぎりセット,食べ物
牛丼弁当,食べ物
カレーライス,食べ物
インスタントラーメン,食べ物
冷凍餃子,食べ物
ミネラルウォーター,食べ物
緑茶缶,食べ物
コーヒー豆(中煎り),食べ物
ヨーグルト,食べ物
チーズ盛り合わせ,食べ物
生ハム,食べ物
オリーブオイル,食べ物
スパイスセット,食べ物
スナック菓子詰合せ,食べ物
チョコレートボックス,食べ物
アイスクリームパック,食べ物
卵10個,食べ物
牛乳1L,食べ物
蜂蜜ジャー,食べ物
グラノーラ,食べ物
シリアルボウル,食べ物
乾燥パスタ,食べ物
トマトソース,食べ物
缶詰ツナ,食べ物
ナッツミックス,食べ物
フリーズドライ味噌汁,食べ物
冷蔵庫 200L,家電
電子レンジ 20L,家電
炊飯器 3合,家電
掃除機 サイクロン,家電
洗濯機 5kg,家電
エアコン 6畳,家電
テレビ 32インチ,家電
スマートフォン,家電
ノートパソコン,家電
タブレット,家電
Bluetoothスピーカー,家電
ヘッドフォン,家電
電気ケトル,家電
トースター,家電
アイロン,家電
電気毛布,家電
ドライヤー,家電
スマートウォッチ,家電
プロジェクター,家電
ホームシアターセット,家電
空気清浄機,家電
加湿器,家電
IHクッキングヒーター,家電
電動歯ブラシ,家電
デジタルカメラ,家電
プリンター,家電
ルーター,家電
モバイルバッテリー,家電
USB充電器,家電
IH炊飯器,家電
小説集 Vol.1,書籍
小説集 Vol.2,書籍
小説集 Vol.3,書籍
ビジネス入門,書籍
プログラミング入門,書籍
Java実践ガイド,書籍
料理レシピ集,書籍
写真集 モダン,書籍
児童書 どうぶつ絵本,書籍
漫画コレクション,書籍
詩集,書籍
歴史探訪,書籍
経済学入門,書籍
英会話フレーズ,書籍
セルフマネジメント,書籍
旅行ガイド 日本,書籍
園芸ハンドブック,書籍
DIY入門,書籍
健康生活,書籍
ダイエットガイド,書籍
心理学概論,書籍
資格試験対策,書籍
投資戦略,書籍
子育てハンドブック,書籍
数学問題集,書籍
化学基礎,書籍
物理入門,書籍
デザインの教科書,書籍
絵画テクニック,書籍
手芸レシピ,書籍
ガーデニング年間,書籍
メンズTシャツ,衣類
レディースワンピース,衣類
ジーンズ,衣類
セーター,衣類
ジャケット,衣類
コート,衣類
パジャマ,衣類
靴下5足パック,衣類
下着セット,衣類
スニーカー,衣類
サンダル,衣類
ビジネスシャツ,衣類
ネクタイ,衣類
スーツ上下,衣類
帽子,衣類
マフラー,衣類
手袋,衣類
スカーフ,衣類
レインコート,衣類
スポーツウェア,衣類
ランニングシューズ,衣類
ヨガパンツ,衣類
トレーナー,衣類
ベルト,衣類
バックパック,衣類
トートバッグ,衣類
ドレス,衣類
ベビー服,衣類
作業着,衣類
作業靴,衣類
ダイニングテーブル,家具
チェアセット,家具
ソファ 2人掛け,家具
シングルベッド,家具
マットレス,家具
本棚,家具
テレビ台,家具
デスク,家具
ワークチェア,家具
サイドテーブル,家具
収納ボックス,家具
キッチンラック,家具
スツール,家具
食器棚,家具
ドレッサー,家具
ガラスキャビネット,家具
バルコニーテーブル,家具
カーペット,家具
ラグ,家具
カーテンセット,家具
クローゼット,家具
シューズラック,家具
子供用ベッド,家具
学習机,家具
オフィスデスク,家具
収納棚,家具
ロッキングチェア,家具
ハンガーラック,家具
折りたたみテーブル,家具
